Doublet,a_maS_mai,379 3572 3574
Doublet,aba_baba,9 433
Doublet,abaŋ_qambat_apat,11 4192 11684
Doublet,abus_qabu,22 4115
Doublet,adaduq_anaduq,70 182
Doublet,daŋi_adani,6799 8183
Doublet,aRi_ai_ari,297 7828 7831
Doublet,um-aRi_um-ai_um-ari,299 7829 7832
Doublet,ajan_ŋajan_ŋajan,84 7493 7494
Doublet,aka_kaka,9739 9742
Doublet,laki_aki_baki_laki_laŋkay,3334 6552 6554 11512 11759
Doublet,alap_alaq_ala,96 108 118
Doublet,alinaw_qaninaw_qaninuŋ_qaninu_qanunu_qanunu,122 4221 4222 4234 4244 4245
Doublet,aliten_aluten,124 7793
Doublet,amak_hamak_lamak,130 2560 3340
Doublet,amben_ambet,155 156
Doublet,ambiq_surambi_surambiq,157 8181 8182
Doublet,ambun_hapun_Rabun,162 2585 8683
Doublet,ambuŋ_hambúg,164 2564
Doublet,amen_ameq,7962 7963
Doublet,ampeRij_apiRit,168 268
Doublet,aNay_SayaN,234 6534
Doublet,ayam_añam_añem,365 388 394
Doublet,aŋusu_qanus-i,6979 10387
Doublet,apa_sapa,256 8171
Doublet,aped_habed,262 2540
Doublet,apeled_sapeled_sapela_peled,263 8175 9594 9599
Doublet,apu_ampu_empu_impu_umpu_kempu,273 274 2340 2880 5802 10256
Doublet,apuk_qabug_qabuk_sapuk,270 4106 4107 5033
Doublet,aRani_q<aR>anih_qaniS_qanih,294 4219 4225 4226
Doublet,aRud_kanuqus_kaRud_nus,300 3108 3121 3714
Doublet,asa_esa_isa,305 2406 2965
Doublet,asep_qaseb_qasep,307 4302 4305
Doublet,asi_Sesi,311 5199
Doublet,asuk_qasu_atuk_kasu,317 4333 8892 9854
Doublet,atel_gatel,340 7151
Doublet,atimel_qatimela_timel,341 4357 5618
Doublet,ayak_qayag,362 4385
Doublet,ayaw_kayaw,368 6527
Doublet,ayud_ayut,371 373
Doublet,babaw_babaw_balabaw_bawbaw_labaw_kalabaw,426 428 490 733 8172 8173
Doublet,bageqaŋ_baReqaŋ_beReqaŋ,457 694 970
Doublet,bahaq_baqbaq_beqbeq_bahaq,464 642 949 8273
Doublet,bañen_beñan_bahén,777 1050 7061
Doublet,bahu_bahuq,466 7010
Doublet,ma-bahu_ma-bahuq,7006 7011
Doublet,puyu_bail_puyuŋ,4071 4072 11036
Doublet,bakbak_bekbek,477 855
Doublet,bakuku_bakukuŋ,482 483
Doublet,balabuR_balabu,492 7726
Doublet,balaŋ_baleŋ,527 535
Doublet,balbal_palpal,528 10899
Doublet,bale(m)baŋ_baŋbaŋ_beŋbeŋ,534 766 1062
Doublet,bali_beliq,566 903
Doublet,balidaq_balida,537 538
Doublet,baliji_balizi,539 562
Doublet,balik_bali,546 568
Doublet,balu_lalaw_laq(e)lu_qaSelu_lalu_lalu_laluq,592 3338 3359 4303 11616 11617 11618
Doublet,banaw_danaw_banaw,620 7109 9239
Doublet,banban_benben,621 927
Doublet,banuít_beŋuit,634 1090
Doublet,baNaR_baNaw,611 619
Doublet,baNiC_panit,627 3810
Doublet,bañat_binat,617 1185
Doublet,baŋaq_baŋa,753 762
Doublet,baŋaw_baŋ(e)haw_beRŋaw_zaŋaw_laŋaw,760 800 993 6022 7573
Doublet,baŋbaŋan_paŋpaŋ,764 3912
Doublet,baŋ(e)qeR_baŋ(e)qes,801 803
Doublet,bara_baRat,679 8967
Doublet,baraŋan_baraŋen,683 687
Doublet,baraŋan_baraŋen,685 688
Doublet,bales_baras_beles,531 665 12853
Doublet,baRat_barat_barat,666 668 669
Doublet,balut_barut,588 716
Doublet,biseq_baseq_basuq,1262 6444 6455
Doublet,batek_beCik_patik_pe(n)tik_batik,728 813 3882 3948 6663
Doublet,beties_betiq_bities_butiqes_baties,1035 1038 1284 1826 6662
Doublet,bauR_baweR,731 11718
Doublet,beCeŋ_betem,811 1033
Doublet,bediq_betiq,823 1039
Doublet,begbeg_bekbek,827 851
Doublet,beken_buken,865 1497
Doublet,belaj_bilaj,877 1136
Doublet,belak_belaq,878 879
Doublet,belat_qeleC_selet_selaŋ_selat_sela,886 4436 5146 9063 9064 9427
Doublet,belembaŋ_qali-baŋbaŋ,898 11840
Doublet,beli_beli_bili,909 910 1169
Doublet,benehiq_bineSiq,929 1190
Doublet,benteŋ_betek,939 1032
Doublet,benut_bulut_bunut_buʔut_put_Runut,948 1606 1698 1915 1916 4934
Doublet,baŋbaŋ_beŋbeŋ,771 10180
Doublet,beŋel_beŋeR_buŋul,1068 1071 1912
Doublet,berber_gerger_ge(s)ges_keRkeR_gigil,964 2501 2511 3186 8263
Doublet,beriq_berit_biriC,973 975 1242
Doublet,beRet_qeRut_SeReC,971 4477 8208
Doublet,betak_beta,1020 1026
Doublet,betak_betaq,1021 1024
Doublet,be(n)tuR_be(n)tur_buntal_bunteR_bunter_buntuD_buntuR_buntuʔ_bu(n)tu,1085 1086 1657 1661 1662 1665 1672 1678 1908
Doublet,ampias_bias,170 1100
Doublet,bekelaj_bik(e)laj_buk(e)lad,856 1131 1509
Doublet,bileR_biliR_bulaR_buleheR_bulág,1158 1166 1552 1575 1630
Doublet,poli_pili,911 1170
Doublet,bilu-bilu_pilu,1181 9342
Doublet,binaŋa_minaŋa_naŋa,1188 3586 3658
Doublet,bintaŋuR_bitaquR,1198 1275
Doublet,bintiq_binti,1201 1203
Doublet,benuaŋ_binuaŋ,944 1207
Doublet,biŋaq_biŋaR,1303 1305
Doublet,biŋkis_buŋkus,1314 1904
Doublet,biqaŋ_biqut_biquŋ,1210 1215 1216
Doublet,biris_qiris,1244 4577
Doublet,birit_buliq_buRit_burit,1245 1584 1758 1760
Doublet,biRaq_biRaʔ_biRa,1218 1233 7520
Doublet,biRaS_biRas_piRaS,1224 1226 7518
Doublet,biReŋ_biRiŋ,1241 1246
Doublet,bisbis_bisíbis,1257 1270
Doublet,bitek_bituk,1283 1292
Doublet,buto_bito_piso_pure,3627 7940 7941 7942
Doublet,betuŋ_bituŋ_patuŋ_putuŋ,1046 1300 3883 4067
Doublet,bituqen_bituqin,1295 12626
Doublet,bou_boi,7004 7012
Doublet,bua_bua_buCaq_budaq_bujeq_busa_puCaq,1356 1357 1380 1407 1466 1779 4013
Doublet,puŋa_bua,1872 12629
Doublet,buag_buak_bual,1324 1325 1328
Doublet,buág_buál,1889 1906
Doublet,bubu_buʔu,1366 1917
Doublet,bubu_buNbuN_ubun (ubun),1369 1638 5717
Doublet,bubud_budbud,1360 1415
Doublet,bubun_bubuŋ,1363 1379
Doublet,budaq_bulan_bulaR,1413 1550 1554
Doublet,budiŋ_buriŋ_kuriŋ_qujiŋ_usiŋ,1418 1764 3292 4646 12393
Doublet,buis_bui_buqay,1454 1458 1714
Doublet,buka_bukaʔ_maŋ-bukaʔ,1479 1484 1485
Doublet,bukbuk_buRbuR,1489 1747
Doublet,bukel_butequl_buŋkug_buŋkul,1496 1819 1896 1898
Doublet,buken_muken,1498 3629
Doublet,buk(e)tút_bukut,1511 1512
Doublet,bulan-bulan_bulan,1532 1534
Doublet,bulit_pulis_pulit_pules,1588 4034 4035 8558
Doublet,buluq_buNuq_buNuq,1599 1681 1684
Doublet,buNi_buni_buni_mumuni_sambuni_tabuni,1647 1648 1656 11054 11061 11062
Doublet,buŋa_buŋaŋ,1871 1882
Doublet,buŋaR_buŋaR-an_buŋas,1864 1865 1867
Doublet,buŋkal_buŋkaR,1891 1893
Doublet,buŋut_suŋut,1914 5462
Doublet,biqak_pihak_piqak_buqak,1209 8588 11026 12486
Doublet,buntit_buq(e)tis,1664 1729
Doublet,pura_bura,4054 12579
Doublet,burit_buri,1762 12716
Doublet,besuR_busuR_masuR,1011 1802 8335
Doublet,beRtiq_butíq,990 1838
Doublet,butiti_butítiq,1828 1839
Doublet,butun_butuŋ,1832 1837
Doublet,buyug_buyuŋ,1857 1861
Doublet,buRuk_busuk_buyúk,1770 1795 1862
Doublet,tektek_cekcek_cikcek_saksak,5566 8287 8288 9201
Doublet,cupcup_sipsip_supsup_ñepñep_sepsep_ñopñop,2139 5308 5426 6057 7478 9576
Doublet,Cakaw_nakaw,1937 3643
Doublet,Caki_Caqi,1955 2004
Doublet,taki_taqi_taqay_take,1956 2005 7978 10831
Doublet,Caliŋa_Caŋila,1973 2037
Doublet,taliŋa_taŋila,1974 2038
Doublet,Capel_tapal_tambel,1990 5508 10769
Doublet,Caqu_taqu_tuqu_tuqu_tatuqu,7838 7845 7847 9753 10598
Doublet,Cebak_debak,2048 2215
Doublet,Cebuj_tebuR_tubuR_Cebej,2050 5550 10333 12122
Doublet,CebuS_tebuS,2054 7952
Doublet,CugCug_tigtig,2113 5603
Doublet,tugtug_CugCug_tugtug_C<um>ugCug_t<um>ugtug_tutuh_tuktuk,5694 7931 7932 7933 7934 9026 10573
Doublet,tule_tuli,6916 6918
Doublet,CuqelaN_tuqelaŋ,2143 7833
Doublet,dahemuR_ñamuR_lamuR,2180 6885 11676
Doublet,ma-dajam_ma-najam,2182 3642
Doublet,dalej_lalej,7563 7572
Doublet,dalig_dalij_daliŋ,2188 2189 6608
Doublet,ma-dalis_dulas,2192 12540
Doublet,zaŋan_daŋaw,6020 8838
Doublet,gaŋgaŋ_daŋdaŋ_daŋdaŋ,6505 6963 6964
Doublet,daŋuy_laŋuy_naŋuy_taŋuy,2212 8378 8381 8383
Doublet,dapet_dápat,8075 8076
Doublet,dedap_dapdap_depdep,2218 7098 8882
Doublet,gapgap_kapkap_SapSap_SapuSap_dapdap,2472 3111 5031 5034 8072
Doublet,dadan_daqaN,7019 7020
Doublet,daRiŋ_deReŋ_deruŋ,2202 2235 2237
Doublet,daReq_daRiq,2200 8900
Doublet,dekak_pekak_petak_tekak,2221 3925 3943 9105
Doublet,dekep_dakep,2222 7077
Doublet,de(ŋ)kit_diŋkit_ziŋkit,2245 2266 9348
Doublet,leku_deku_deŋkul,3411 12402 12404
Doublet,diŋan_deŋan_deŋen,2263 6895 6899
Doublet,de(m)pul_dumpul_tumpel_tumpul,2242 2274 5679 5680
Doublet,deRes_deRas,2234 12016
Doublet,deRiŋ_deRuŋ_deRu,2236 2238 7756
Doublet,da(ŋ)sek_desek,2214 12242
Doublet,dikén_riken,3494 4907
Doublet,dikit_liki_dikiq,2249 11724 12504
Doublet,dilaq_zelaq_dilap_dilat,7129 7135 8097 8098
Doublet,diláw_dulaw,12134 12136
Doublet,diŋa_diŋeR_liŋas_deŋeR_liŋa,2264 2265 3485 8248 8449
Doublet,diŋin_diŋdiŋ,11577 11769
Doublet,diqaq_pia_pea,2255 3955 7545
Doublet,daqaNi_draŋi,2197 12539
Doublet,duduq_susu,2268 5451
Doublet,deRdeR_duhduh_duRduR_enduR,2232 2269 2276 2359
Doublet,dekdek_dukduk,6504 11982
Doublet,dulaq_ludaq_luzaq_zulaq,7992 7993 7994 7995
Doublet,uŋus_duŋus,5908 12306
Doublet,ruRi_suRi_suRi,6827 6829 9433
Doublet,dutdut_guCguC_zutzut,2280 2523 9353
Doublet,e_i,2431 3032
Doublet,edaq_eŋga_enda,2294 2438 12140
Doublet,eden_qendem_qerem,2299 4455 4475
Doublet,egap_ekap,2300 2306
Doublet,e(ŋ)juŋ_ijuŋ_ujuŋ_ŋijuŋ,2455 2832 5749 6065
Doublet,elak_qelaŋ,2316 4435
Doublet,eleb_qaleb,2317 4156
Doublet,ema_umah,2326 11112
Doublet,embeŋ_empeŋ,2331 2339
Doublet,ena_kena,2355 8904
Doublet,enap_qunep_qunap,2354 4718 7158
Doublet,eŋgem_qeŋkem,2439 4511
Doublet,epiq_epit_etip,2389 2390 2427
Doublet,eRiq_Riaq,2399 4900
Doublet,esem_isem_qalesem_qaRsem_qe(n)sem,2412 2977 4164 4286 4513
Doublet,esuŋ_iŋsuŋ_li(ŋ)suŋ_Nusuŋ_lusuŋ_lesuŋ_lusuŋ,2415 3060 3509 3539 11037 11480 11766
Doublet,ezan_haRezan,2430 2587
Doublet,RabuC_gábut_Rebut,6530 12469 12887
Doublet,galamáy_gulamay,12251 12252
Doublet,giliŋ_galiŋ,8228 10480
Doublet,galu_garu_kalu,2465 2476 9892
Doublet,gamaʔ_gamak,2468 6837
Doublet,karis_karis,3118 8846
Doublet,zaRami_gaRami,8375 8377
Doublet,gaRaw_paRaw_peRaw,2473 3841 11220
Doublet,gasgas_gisgis_gusgus_keskes_kiSkiS_kiskis_qiSqiS,2477 2520 2531 3192 3240 9836 12784
Doublet,gateq_Rataq,2479 4831
Doublet,gaut_kaRus_kiRus_garus,2480 3123 3239 8864
Doublet,ketil_geCel_getil_ketél,3196 9002 9004 10117
Doublet,gekgek_gikgik_hakhak_hikhik_gakgak,2484 2514 2554 2677 8713
Doublet,gemi_kemi,2492 3168
Doublet,gereC_keRet_keret,2500 7120 10116
Doublet,getuk_ketuk,2509 10010
Doublet,gidik_giri_kidiq_kirik_gitik_kitek_kitik,2513 2518 3217 3238 8242 8743 9906
Doublet,gitgit_gigut_gutgut,8872 8873 12718
Doublet,ilah_gila,2849 6506
Doublet,gilak_gilaw_ilaw_qiro_gilaŋ_gilap,2515 2516 2854 4581 8223 8224
Doublet,ginelaw_kinelaw,11178 11181
Doublet,gerger_girgir_gurgur,2502 2517 2527
Doublet,guris_gúlis_gurit,8265 8878 11072
Doublet,gumi_gumis_kumis_kumiS,7999 8000 8001 8002
Doublet,guntur_pali,3598 3780
Doublet,sabsab_tabtab_habhab,9102 10336 12150
Doublet,hadiq_hediq,2549 2641
Doublet,hampil_hampir,2568 2569
Doublet,hantatadu_katadu_qantatadu_tatadu,2573 3132 4237 5520
Doublet,haŋus_haŋut,2632 2633
Doublet,hapejes_hapejis_Sapejiq,2575 2576 5021
Doublet,qaruqan_haruqan,11855 11856
Doublet,haseg_hasek_qasak,2594 2598 4293
Doublet,ataq_hataq_qamataq_qataq_qetaq,330 2602 4190 4340 4485
Doublet,quSaw_hawaw,4748 12124
Doublet,hayep_háyup,2608 12427
Doublet,ma-hemis_tamis_taq(e)mis,2648 5498 10544
Doublet,heReŋ_heRuŋ_huRuŋ_SaRuŋ,2660 2663 2743 5061
Doublet,hinzam_Sezam,2688 5219
Doublet,hisep_qisep,2705 4583
Doublet,hubun hubun_hubun,2720 2721
Doublet,huyaŋ_huyug_huyuŋ_kuyuŋ_Ruyuŋ,2747 2748 2749 3314 4945
Doublet,huyáp_ihap,2752 2823
Doublet,i_si,3031 8782
Doublet,dian_ian,2246 2774
Doublet,ibak_ipak,2791 2937
Doublet,ikuD_ikut,2839 2846
Doublet,ikuR_ikuŋ_kikuR,2840 2847 8891
Doublet,ileŋ_iliŋ,2857 2862
Doublet,ilet_silet,2856 5272
Doublet,ima_lima,2867 7384
Doublet,imit_ímut,2874 6076
Doublet,inda_indu,2904 2907
Doublet,inem_inum_unum,2910 2912 5816
Doublet,iŋaR_qiŋeR,3035 4605
Doublet,iŋat_iŋet,3040 3049
Doublet,iŋ(e)pis_nipis_lipis,5341 8672 8861
Doublet,iŋkiŋ_kiŋkiŋ,3055 7663
Doublet,isud_iŋsiD,2992 3059
Doublet,io_iu,2935 3020
Doublet,ipen_lipen_nipen_ŋipen,2939 7105 7136 7138
Doublet,iput_kiput,2945 10015
Doublet,isi_hesi,2985 5200
Doublet,ised_isu,2974 3001
Doublet,isut_iut_kiud_qiut_kiut_kiuq_iut,2995 3018 3244 4598 9378 9379 9381
Doublet,iSeq_iSiq,2978 2980
Doublet,ita_kita,3004 8527
Doublet,itek_ituk_qitik,3006 3014 4593
Doublet,titu_ituq,7321 12282
Doublet,ka_kai,10232 10236
Doublet,kabal_kebel,10151 10152
Doublet,lawit_kabit_kawit,3376 7239 7243
Doublet,kabkáb_kadkad,9782 9783
Doublet,kabu-kabu_kapuk,3066 10140
Doublet,kadadak_kadaqdaq,9917 9918
Doublet,ijan_kaija,2827 9787
Doublet,kalim-petpet_qali-petpet_salim-petpet,3082 4173 5002
Doublet,kamansiq_kamansi,12253 12361
Doublet,kamet_kemet,9809 11952
Doublet,kanus_kanisu_qanusi_kamisu_qanus,7014 8206 8207 10239 10386
Doublet,kampuŋ_kempuŋ_kambu,10000 10114 10238
Doublet,kanari_kaŋaRi,9942 9943
Doublet,kaŋ_keŋkeŋ_keŋ_kukuŋ_kaŋkaŋ,3153 3204 3211 3264 9080
Doublet,kapika_kapiku,9762 9763
Doublet,karani_karaŋi,10083 10084
Doublet,kara-karawa_karawina,9814 9815
Doublet,kerus_karus_kerud_kerus,3188 9829 9872 9926
Doublet,kaRiŋ_kaRaŋ,3119 8859
Doublet,kaRitkit_kaRiskis,9830 10110
Doublet,katuk_ketik,3136 10030
Doublet,qapuR_kau_kapuR,4267 9965 10045
Doublet,kauŋ_qauŋ_rauŋ,3138 4377 4834
Doublet,kawa_lawa,3140 11530
Doublet,awaŋ_kawaŋ_Rawaŋ,358 3141 4837
Doublet,kiajo_kayajo,8133 8134
Doublet,kasupe_kusupe,6764 6768
Doublet,kebkeb_kubkub,9115 9136
Doublet,kabuR_kebuR,9749 9895
Doublet,keteŋ_kedeŋ_kezeŋ,3195 9966 9972
Doublet,kedip_kelip_kezap,3156 3167 9998
Doublet,kelaŋ_keRaŋ_keRiŋ,3165 8884 8886
Doublet,geleŋ_keleŋ,2488 3166
Doublet,kali_keli_kili,7703 7711 10058
Doublet,kaluŋ_keluŋ,3087 9898
Doublet,kembuŋ_kembaŋ,10055 10142
Doublet,qemel_kemel_kemes,4445 9356 9973
Doublet,kemkem_gemgem,3170 7612
Doublet,kunuq_ken_kenu,9879 9880 9881
Doublet,keniŋ_kiniŋ,9975 9985
Doublet,keŋkeŋ_kiŋkiŋ_ku(ŋ)kuŋ_kaŋkaŋ,3203 3248 3322 9079
Doublet,keŋkeŋ_kuŋkuŋ,3205 3316
Doublet,ke(m)pes_ki(m)pes_ke(m)pis,3207 3251 9831
Doublet,kepuq_kepuŋ,3179 3180
Doublet,keRaŋ_keRan,3182 8883
Doublet,keskes_likes,3193 10985
Doublet,keti_qati_ma-qaCi_ma-qati_qeti_qeti,3198 4142 4144 4145 4491 4495
Doublet,ŋitŋit_ŋetŋet_ŋatŋat_ketket_kitkit,6070 8556 8765 9971 9986
Doublet,unzet_kezut_kezat,5820 9979 10031
Doublet,kezem_kizem_pezeŋ_pezem,3199 3247 3946 11009
Doublet,kezet_kezuC,3200 9977
Doublet,kiaw_kicaw,3214 9930
Doublet,kiray_kiday,6508 6509
Doublet,kik_kiRkiR_kikik,3219 6705 9900
Doublet,nuso_nusa_kilaw_nuse,7056 7057 12507 12509
Doublet,kuliliŋ_kililíŋ,8697 9902
Doublet,kimpaŋ_timpaŋ,3231 10550
Doublet,kapay_kipay,9944 10036
Doublet,kizab_ki(n)sap_kizap,3246 3252 9933
Doublet,kiuk_kuak_kiak,3245 3256 10080
Doublet,ki(n)zep_kezep,3254 8726
Doublet,kua_kua_kuja_kuan,7464 7466 7468 10159
Doublet,kebit_kubit,3154 10037
Doublet,kurin_kuden_kudin_kudeŋ,3288 6510 6511 9249
Doublet,kudis_kuris,3260 3290
Doublet,kulad_ulat,3266 5763
Doublet,kulu_kuluR,3274 7651
Doublet,qumaŋ qumaŋ_qumaŋ_kumaŋ,4700 4701 7474
Doublet,kundul_kunduR,9876 9877
Doublet,kuru_kur,3294 3296
Doublet,kuriak_kuRiat_kuRiut,3286 3287 9386
Doublet,kuris_kurit,3291 10160
Doublet,kuru_kuruk,3295 11329
Doublet,kuRapu_kuRapuq,8519 8520
Doublet,kutaña_utaña,3307 5875
Doublet,kútib_kutím,10042 10043
Doublet,kuyut_kuyu,3312 3313
Doublet,labeŋ_la(m)baŋ,3325 3384
Doublet,lúbid_labid,11141 11642
Doublet,labi_lábis,3326 11584
Doublet,qabu_labu,4114 11658
Doublet,lebas_labus,11626 12159
Doublet,lateŋ_zalateŋ_zilateŋ,7167 7183 7185
Doublet,dagdag_laglag,12292 12389
Doublet,najam_lajam,3641 7492
Doublet,makaw_lakaj_lakaw_lakat,3562 7850 7859 11755
Doublet,lakat_wakat_waket,3333 5936 5938
Doublet,lak(e)táw_lik(e)taw,10984 10987
Doublet,Nali_lalay,3644 11727
Doublet,lámaŋ_laŋ,11521 11984
Doublet,lambaq_lampaq,3345 3348
Doublet,lambuk_ra(m)buk_rambuk,3346 4852 11497
Doublet,lamuk_ñamuk,6882 6887
Doublet,laŋ(e)si_laŋ(e)qes,3395 11783
Doublet,lepak_lapak,3421 11728
Doublet,lapi_lepiq,11568 11572
Doublet,la(m)pus_lapuk_lapuŋ,3388 11444 12738
Doublet,laqu_daqu,3358 6568
Doublet,lawas_lawa,3371 3373
Doublet,lawaq_lawa,8177 8180
Doublet,pulin_lawit,8655 12260
Doublet,labiq_lebiq,8759 8761
Doublet,lebuk_lubuk,11515 11517
Doublet,lebuq_lipuq,11536 11545
Doublet,dalem_lem,7088 8333
Doublet,lemes_limes,11392 11396
Doublet,lenlen_denden,11710 12083
Doublet,lezep_leñeb_leñep,3438 3441 11733
Doublet,lepet_lepit,11467 11468
Doublet,lepuq_lumpuq,3429 11485
Doublet,nepuq_lepuq_ñepuq,6514 9390 11093
Doublet,liqə_liqo_leqo,6770 6771 6772
Doublet,letub_letup,7764 11574
Doublet,li(n)dis_li(ŋ)gis,3495 3504
Doublet,lihem_lihim,11537 11538
Doublet,likaw_liku_likuq,7531 9099 9100
Doublet,limas_nimas,8534 8539
Doublet,lumut_limut,7757 8146
Doublet,linak_linaw,11159 11492
Doublet,liNuŋ_linuŋ_linaŋ,3475 9392 9394
Doublet,linuR_lindur_linduR,3472 7475 7476
Doublet,liŋak_liŋeR_liŋus_liŋaR,3484 3491 3498 11514
Doublet,liŋaw_liŋay,11630 12406
Doublet,liŋaw_liŋu,3486 3499
Doublet,liseqeS_liqes,7817 11547
Doublet,liteq_Niteq,3480 3674
Doublet,letlet_litlit,3437 11460
Doublet,liuS_liut_liwet,3481 3482 11559
Doublet,luab_Ruab,3510 8169
Doublet,lebeŋ_lubaŋ_lubaŋ_luaŋ_Ruqaŋ,7171 7311 7312 8164 8165
Doublet,luqaR_luqar_luas_luqaq,8166 8167 8168 11765
Doublet,lumes_lumeŋ,3526 3527
Doublet,lumpuk_lumpuŋ,11504 11505
Doublet,lupi_Sepi_Sipi,3534 5192 5300
Doublet,lutak_lutáq_lutek,3540 11442 11590
Doublet,lutay_lutuy,11589 11592
Doublet,mansar_mansər,6786 11990
Doublet,mantalaq_talaq,3570 5479
Doublet,saŋa_maŋa,8805 12546
Doublet,mwapo_mapu,10813 12571
Doublet,sedu_siqedu_masedru,5134 8987 12600
Doublet,meñak_miñak,6846 6849
Doublet,mesmes_pespes_metmet,3584 3941 12729
Doublet,pinsan_minsan,11174 11964
Doublet,misi_miti,6669 6671
Doublet,misi-misi_miti-miti,6670 6672
Doublet,ŋuda_muda_mudaq,6091 7657 12796
Doublet,muhmuh_mukmuk_muqmuq,11620 11968 11969
Doublet,ma-udehi_muru,5730 12550
Doublet,nabuq_dabuq,3640 7075
Doublet,naRah_nara,3648 3649
Doublet,naRa_taRah,72 6679
Doublet,nasuk_Nasu_nasu,3650 8110 8111
Doublet,neknek_ñikñik,3661 3668
Doublet,nemnem_demdem,3662 7567
Doublet,niket_ña(ŋ)ket,3667 6051
Doublet,ñilu_ŋilu_nilu,7502 7503 8149
Doublet,niRab_ñeRab,3673 6058
Doublet,NeŋNeŋ_nuŋnuŋ_teŋteŋ,3664 3716 5597
Doublet,Nibu_Rubu,6588 6597
Doublet,tiŋadaq_ŋadaq_taŋad_taŋada_taŋay,8548 8552 10432 10644 10724
Doublet,ŋak_ŋakŋak,6041 6042
Doublet,ŋaŋ_ŋa(ŋ)ŋaŋ,6050 6052
Doublet,ŋek_ŋekŋek,6054 6055
Doublet,ŋidam_kidam,6064 9948
Doublet,ŋik_ŋikŋik,6066 6067
Doublet,ŋiŋ_ŋi(ŋ)ŋiŋ,6072 6073
Doublet,ŋisŋis_ŋiŋi_ŋisi_ŋiŋis,6069 6071 7107 8108
Doublet,isa_ŋisa,2972 12299
Doublet,ŋodro_ŋoRo,12562 12607
Doublet,aŋ(e)hud_ŋuhed,413 11650
Doublet,ŋuk_ŋukŋuk,6092 6093
Doublet,ŋulŋul_ŋutŋut,6094 7035
Doublet,ŋuŋ_ŋu(ŋ)ŋuŋ,6100 6101
Doublet,ŋutu_kutu,7654 10268
Doublet,oe_uy,3717 5893
Doublet,pacek_pasek,3733 8184
Doublet,padem_padeŋ_pideŋ,10859 10860 10861
Doublet,bakbak_pakpak,474 10898
Doublet,pala pala_paraq paraq,3749 3835
Doublet,palaqpaq_paqpaq,3758 6675
Doublet,pale(n)tik_pilantik,3769 9414
Doublet,palij_palis,3770 3776
Doublet,panas_panes,3794 3806
Doublet,pantay_pa(n)tar_pataR,3817 3907 10876
Doublet,paNij_paNid,3807 8898
Doublet,pariaq_paria,3854 3855
Doublet,paRatpat_paRepat,3840 3851
Doublet,pasu_pasuŋ,3878 3879
Doublet,pa(n)tar_pataR,3908 6517
Doublet,pa(n)tik_pa(n)tuk,3909 3911
Doublet,paypáy_payapay,7141 7142
Doublet,peCik_pitik,3919 11014
Doublet,pegeŋ_pigeŋ,3923 10996
Doublet,pesak_peceq,3939 7615
Doublet,pesu_pesuk,11161 11253
Doublet,pian_pia,3954 11226
Doublet,piak_piuk-piuk_piek,10827 10828 11869
Doublet,pikat_piket,3964 9418
Doublet,pi(ŋ)keR_pikul,4008 10949
Doublet,pikpik_pik_pakpak,3969 3971 7507
Doublet,pikuq_piku,7172 11916
Doublet,pini_pinis,8290 8292
Doublet,piŋus_hiŋus_piŋ(e)qut,4007 5352 9419
Doublet,paŋil_piŋil,3900 11839
Doublet,pipi_pipit,8131 10887
Doublet,peReq_piRaq,7511 7517
Doublet,pes_pis_pus,3942 3991 4062
Doublet,pitak_pitak_pitek_pisak,3992 3993 3994 11011
Doublet,pizet_pi(n)zit,4000 4005
Doublet,puja_pujek,6627 6628
Doublet,puliŋ_buliŋ,4036 4037
Doublet,uliq_puliq,5784 11029
Doublet,pupu_puqpuq_pulpul,4050 4053 8675
Doublet,pucuk_puncek_puncu,10951 11233 11234
Doublet,bunbun_punpun_rumpun,1642 4046 4932
Doublet,puŋgal_puŋgel_puŋguk_puŋgul_puŋgu,4076 4077 4078 4079 11257
Doublet,puŋu_puŋpuŋ,4082 10921
Doublet,puRuq_puyuq,4058 4069
Doublet,puso_pusa,11375 12563
Doublet,pus(e)quŋ_pus(e)qun,8666 12418
Doublet,pusuq_pusuŋ,8472 8473
Doublet,put_putput,4068 11031
Doublet,putaR_puteR,8560 8562
Doublet,buCbuC_putput,1393 8670
Doublet,putut_putud,11047 12475
Doublet,putus_putut,11045 11046
Doublet,qabateR_qabatiR,4094 4096
Doublet,qa(m)bej_Ra(m)bej,4408 4849
Doublet,qabiq_qabis,4102 4103
Doublet,qalaŋ_qadaŋ,8701 12205
Doublet,qadipen_qudipen,4146 4635
Doublet,qajaw_qalejaw,4148 4157
Doublet,qaco_qalo,4149 6877
Doublet,qali-maŋaw_qali-maŋu,4168 4169
Doublet,qali-pugpug_qali-puspus,11163 11699
Doublet,qambaR_tabaR,4191 10276
Doublet,qani-Ruan_qari-ñuan,4224 4283
Doublet,qaNuaŋ_qiNuaŋ,4241 4560
Doublet,qapejuq_qapejux,4257 4258
Doublet,pucek_qapucuk,4014 4266
Doublet,qaqay_waqay,4273 5962
Doublet,qarita_qatita,4282 4363
Doublet,qateluR_qiCeluR,4345 4521
Doublet,qatimun_katimun,4358 10006
Doublet,amin_qemin,180 4446
Doublet,qenəp_qinep,4469 4555
Doublet,qeŋgah_qiŋga,4510 4607
Doublet,ma-qalesem_ma-qe(n)sem,4165 4514
Doublet,qidus_qiduS_sidu_si(n)duk_tidus,4530 4532 5244 5350 5602
Doublet,iraŋ_qiriŋ,2950 4580
Doublet,qisaq_qis,4582 4587
Doublet,one-a_qono,3724 4611
Doublet,quku_uka,4653 5750
Doublet,quNuq_SiNuq_uNuq,4723 5289 5818
Doublet,qapid_qupid,4264 12786
Doublet,dabuŋ_rabuŋ,7024 12732
Doublet,rambu_rambut,12820 12821
Doublet,ma-iRaq_ma-rara,4570 4830
Doublet,Ratas_ra(n)tas_Ratas,4832 4853 11970
Doublet,rawraw_SawSaw,4839 5098
Doublet,rebaq_rebas_Rebaq,4861 4862 12803
Doublet,remek_remuk,4873 12832
Doublet,reŋeC_reŋiC_ReŋeC,4886 4887 9447
Doublet,reput_repuk,4882 12824
Doublet,rikut_dukut,4908 8099
Doublet,beŋis_riŋis,1075 4919
Doublet,rupit_lupit,4935 11563
Doublet,Rakit_Rakéd,8685 11164
Doublet,Rambaŋ_Rambat,4817 11737
Doublet,Rambia_Rumbia,4818 7959
Doublet,RameC_RamiS,6594 6654
Doublet,Raŋu_Raŋaw,4854 12617
Doublet,Rapiq_Rapuq,4824 4825
Doublet,kauS_RauS,11654 12733
Doublet,Reken_reken,4867 4868
Doublet,Remek_Rumek,4872 12332
Doublet,Repak_Repik_Re(m)puk,4879 4881 4890
Doublet,Retak_Retaq,11956 12861
Doublet,Ruaq_luaq,4927 8161
Doublet,lujan_Rujan,3515 4930
Doublet,sakay_saka,6691 12420
Doublet,seksek_saksák,8905 9675
Doublet,saliw_baliw,5003 6557
Doublet,seŋjiR_sandaR_sandeR_sandiR_sendeR_sendiR_sindiR_sanday,5235 9005 9009 9010 9012 9013 9014 12780
Doublet,sanduk_sudu_saruk_suduq_suduk_senduk,5013 5381 9228 9340 9341 9547
Doublet,santak_sintak,9208 9246
Doublet,suŋsuŋ_saŋsáŋ,8300 9697
Doublet,sumpaq_sapaq_sepaq_sapaq,8690 8692 9160 9482
Doublet,hapin_sapín,2580 9059
Doublet,sa(m)puk_sempuk,5117 9210
Doublet,saRe_saRi,6914 7922
Doublet,saut_sual_suaR_suqan_suat,5090 7681 7682 8274 9532
Doublet,sawaq_sawaŋ,5095 8986
Doublet,sibu_sebu,5241 8949
Doublet,sedem_selem,5131 9284
Doublet,sijem_sejem,5355 8814
Doublet,sejep_selep_surup_serep,5136 5145 5445 9632
Doublet,seket_sekut_sikut_sekud,5142 5143 5265 9466
Doublet,siki_seki,9403 11110
Doublet,seleg_seleR,5144 6830
Doublet,sensén_sedsed,9285 9721
Doublet,ceŋis_seŋ(e)hij,2081 5233
Doublet,seŋit_siŋit_suŋut_suŋet_saŋit_suŋit,5234 5344 5461 9460 9627 11702
Doublet,seŋseŋ_suŋsuŋ,5237 8301
Doublet,seput_sumpit,8276 8279
Doublet,ciap_siap,8948 9567
Doublet,sidáq_sedaq,5245 9583
Doublet,sikut_siŋkul_si(ŋ)kuk,5264 5346 5358
Doublet,silaq_sirak_sila_silak,5270 5313 9468 12004
Doublet,silaR_silad,8957 9692
Doublet,silap_kilap,5266 7271
Doublet,sileŋ_zeliŋ_zilak_zuliŋ,5273 6028 6033 12020
Doublet,sili_silaw,5275 8938
Doublet,silib_suleb,5274 6533
Doublet,silu_sulu_sulu,9214 9607 9639
Doublet,sinaR_sinaŋ_siŋaR_sinar,7270 7288 9553 11853
Doublet,siNaR_suNaR,5287 7289
Doublet,siŋ(e)het_seŋet,5353 9538
Doublet,sepak_sipak,5160 5293
Doublet,sipiri_supiri_siri_sipi,7791 7792 9405 9668
Doublet,siq(e)rip_sirap,8994 8996
Doublet,silaq_siraq,5267 9582
Doublet,siRaq_siRa,5316 9438
Doublet,SiRup_hiRup_siRup,5318 5319 9091
Doublet,sisi_sisuq_susuq,5325 5326 5450
Doublet,sitsit_zitzit,5328 9237
Doublet,sipo_sobu,8150 9503
Doublet,sau_sua,9456 9484
Doublet,sub(e)líq_sub(e)laR,12390 12688
Doublet,sebuS_subu,5130 9139
Doublet,suleN_suled,5389 9470
Doublet,uliq_suliq_suli,5770 9328 9560
Doublet,seŋ(e)qaw_suŋáw,9037 12835
Doublet,suŋu_suŋut,8303 8304
Doublet,SabaN_SebaN,4951 5124
Doublet,esak_Sasak_hasak_ma-Sasak,2403 5064 5065 5066
Doublet,Señaw_Siñaw,5227 5337
Doublet,Seyup_tiup,5209 5632
Doublet,Suab_Suyeʔab_Suaw,5359 5452 6694
Doublet,ta-_ta-_taR-,10270 10284 10286
Doublet,tabuRiq_tabuRi,5496 7935
Doublet,tau ñamuk_tai ñamuk,6891 6892
Doublet,talaŋ_tileŋ,947 10731
Doublet,taluk_taruk,5487 10471
Doublet,tambiluk_tamiluk,10789 10790
Doublet,amiaŋ_tamiaŋ,165 5497
Doublet,tampil_tampir,5501 5502
Doublet,tanom_tanum,7439 10687
Doublet,taŋaq_taŋah,10393 11111
Doublet,teŋaq_taŋaq,10369 10793
Doublet,taŋaR_taŋay,8524 12850
Doublet,tendan_taŋ(e)dan,5579 10394
Doublet,taŋiRi_taŋgiRi,9141 9142
Doublet,beŋkas_taŋkas,1081 5527
Doublet,tapeS_tapi,1992 10350
Doublet,tapis_tapiq,5509 10352
Doublet,taqan_taqen,5513 8688
Doublet,tariktik_taRihtih_taRiktík_tariktik,10754 10756 10757 12713
Doublet,periŋ_tariŋ_teriŋ,3937 6546 6547
Doublet,taraquk_taRaquk_tuRauk,10659 10832 10844
Doublet,taRutuŋ_taRutum,5519 8671
Doublet,tahúl_tayáq,10395 10398
Doublet,tazem_tazim,2033 10487
Doublet,tebeŋ_tebaŋ,9174 10317
Doublet,tebaS_tebas,5542 10727
Doublet,teda_tida,5552 10509
Doublet,tedis_tedes,5553 10443
Doublet,teduŋ_tuduŋ,5554 10379
Doublet,tegel_teger,5557 5558
Doublet,tekuk_tekuq,5567 5568
Doublet,telem_teleŋ,5573 5574
Doublet,teli_tilay_tila,5575 5611 5612
Doublet,tamu_temu,10541 10546
Doublet,tenun_tinun,8734 8741
Doublet,teŋuq_teŋkuk_teŋel,5598 10626 10816
Doublet,terter_tirtir,5586 5627
Doublet,tiRtiR_teRteR,10670 12746
Doublet,tiduR_tuduR,8354 8357
Doublet,ma-tiduR_ma-tuduR,8355 8360
Doublet,tiko_tike,10491 10837
Doublet,taked_tiked,5476 5604
Doublet,tikel_tikur_tikug,5606 5608 10604
Doublet,tiktik_titik_titis,5631 5687 6537
Doublet,tilen_telen,5614 10400
Doublet,tilu_tuli,5617 8577
Doublet,tenaw_tin(e)qaw,10368 10407
Doublet,toka_toka_toko,8330 10651 11918
Doublet,toloŋ_toŋol,10848 10850
Doublet,tebek_tubak,5543 5650
Doublet,tebaR_tubaR,5541 12493
Doublet,tuhuR_tuhuk,2150 10452
Doublet,tukud_tuked,7957 8931
Doublet,tukik_tu(ŋ)kuk,5663 5705
Doublet,tulduq_tuduq,5669 7361
Doublet,suRud_tulúd,9643 9645
Doublet,tumid_tumbid,8480 8481
Doublet,tuŋtuŋ_putuŋ,5699 11238
Doublet,tuktuk_tuŋtuŋ,5666 5700
Doublet,tulali_turali,8387 10809
Doublet,tusi_tosi,6781 10520
Doublet,tusiq_tusuq,8819 8821
Doublet,tutub_tutup,5690 10384
Doublet,tuzuk_tuzuq_tuzuq,8818 8820 10561
Doublet,uak_wáak,5707 6009
Doublet,ubak_upak,5711 5822
Doublet,ubal_umbaŋ,5712 5794
Doublet,ubek_upek,5713 5828
Doublet,uki_puki,5756 7143
Doublet,umel_umaw,5796 12862
Doublet,paniŋ_paen_umpan,3814 8565 11168
Doublet,muntay_untay,3633 5814
Doublet,usuk_u(n)sek,5859 5906
Doublet,CuSuR_utuR,2149 5881
Doublet,waNan_wanaN,5956 9473
Doublet,wákat_watak-watak,6010 12360
Doublet,yegyeg_yugyúg,12758 12762
Doublet,yukúq_yukús,12763 12764
Doublet,latoŋ_la-latoŋ_salatoŋ_silatoŋ,7168 7170 7184 7186
Doublet,zaqat_zaqet,7599 7602
Doublet,zaRum_zaRem,7605 12290
Doublet,zeRet_ziRet,12313 12314
Doublet,ziuq_diRus,6035 7330
Disjunct,a_Sa,382 5105
Disjunct,abuR_qabug,21 4106
Disjunct,hadiq_adi,2549 7326
Disjunct,sakaŋ_akaŋ,9057 9077
Disjunct,akaR_wakaR,88 5931
Disjunct,alaq_ala,108 118
Disjunct,alagád_asu,319 320
Disjunct,amak_hamak,130 2560
Disjunct,amatu_kamatu,10288 10289
Disjunct,abaw_ambuq,7 163
Disjunct,aŋaq_qaŋab_qaŋap,392 4396 4397
Disjunct,aŋ(e)cej_aŋ(e)ceŋ,414 415
Disjunct,apeled_peled_pelet,263 9599 11250
Disjunct,apuni_puni,271 4045
Disjunct,aRi_ai_ari,297 7828 7831
Disjunct,aRuhu_qaRuhu,301 4290
Disjunct,asep_qasep,307 4305
Disjunct,asu_qasu,324 4332
Disjunct,atel_gatel,340 7151
Disjunct,baciR_basiR,448 6453
Disjunct,bakas_beŋkas,806 1081
Disjunct,bakelad_belat_belet,479 887 901
Disjunct,bala_baRa_bara,516 675 677
Disjunct,bala_bara,518 682
Disjunct,balan_balar,501 507
Disjunct,balbal_belbel,529 895
Disjunct,balik_bali,546 568
Disjunct,baliwis_bariwis,553 703
Disjunct,balun_balut_balut,581 587 588
Disjunct,baŋis_beŋis,779 1075
Disjunct,barayaŋ_barayeŋ,671 672
Disjunct,baRuaŋ_biRuaŋ,707 1254
Disjunct,bayan_payan,6795 6797
Disjunct,bekaq_beka,840 848
Disjunct,bekaj_be(ŋ)kaR,839 1094
Disjunct,bekug_bekuk,871 872
Disjunct,balalaCuk_belatuk,496 885
Disjunct,belit_bulit,908 1588
Disjunct,benban_benben,925 927
Disjunct,benuaŋ_binuaŋ,944 1207
Disjunct,beŋap_beŋaq_beŋa_beŋaŋ,1051 1053 1055 1058
Disjunct,beŋbeŋ_beŋbeŋ,1061 1066
Disjunct,beŋkuq_beŋkuŋ,1083 1084
Disjunct,baReqaŋ_beReqaŋ,694 970
Disjunct,beRkes_beRkis,976 980
Disjunct,betaq_beta,1024 1026
Disjunct,bentas_beta,937 1027
Disjunct,benteŋ_betek,939 1032
Disjunct,beCeŋ_betem,811 1033
Disjunct,betiq_bintiq,1038 1201
Disjunct,be(n)tuR_be(n)tur,1085 1086
Disjunct,bicik_picik,1104 3957
Disjunct,bidiŋ_biriŋ,1112 1250
Disjunct,bikug_biŋkuk,1133 1317
Disjunct,bikuq_biŋku,1134 1319
Disjunct,bileR_biliR,1158 1166
Disjunct,bintul_bintur,1205 1206
Disjunct,biqak_biqaŋ,1209 11326
Disjunct,biqbiq_bisbis,1212 1257
Disjunct,biras_birat,1228 1231
Disjunct,biRaq_biRas,1221 1226
Disjunct,biRaS_piRaS,1224 7518
Disjunct,begaw_biRaw,826 1232
Disjunct,besuR_bisuR,1011 1269
Disjunct,bitil_bitin,1288 12827
Disjunct,bisul_bitul,1268 1294
Disjunct,bituŋ_pituŋ,1300 3996
Disjunct,bua_busa,1356 1779
Disjunct,buag_buak,1324 1325
Disjunct,budaq_bujeq,1407 1466
Disjunct,buis_bui,1454 1458
Disjunct,beken_buken,865 1497
Disjunct,buŋkuk_bu(ŋ)kuq,1897 1921
Disjunct,bulan_bulaR_pulaR,1550 1554 1555
Disjunct,bunaR_buna,1635 1636
Disjunct,bunteR_bunter,1661 1662
Disjunct,buntud_buntul_buntu_buntu buntu,1666 1668 1675 1677
Disjunct,buntuD_buntuR,1665 1672
Disjunct,buŋug_buŋul,1911 1912
Disjunct,buqi_buRiq,1733 1756
Disjunct,puu_buRu,1844 3625
Disjunct,butil_butir,1825 1827
Disjunct,buntuʔ_bu(n)tu,1678 1908
Disjunct,calapaʔ_salapa,1958 4991
Disjunct,ca(R)pit_sa(R)pit,2046 9344
Disjunct,seguk_ceguk,9317 10948
Disjunct,cep(e)qak_sapak,2071 5015
Disjunct,cik_sik,2092 9345
Disjunct,ci(ŋ)kuk_si(ŋ)kuk,2104 5358
Disjunct,cilak_silak_silak,2093 8478 12004
Disjunct,cukcuk_suksuk,2115 8293
Disjunct,cupcup_supsup,2139 5426
Disjunct,a-tu_wa-tu,2170 2174
Disjunct,tuzuq_Cuzuq,8820 10560
Disjunct,dabuk_rabuk,2179 11498
Disjunct,dahemuR_lamuR,2180 11676
Disjunct,dalak_delek,2187 8082
Disjunct,ma-dalis_dalit,2192 2194
Disjunct,daŋkaq_daŋkeq,2207 2208
Disjunct,da(m)paD_de(m)paD,2209 2241
Disjunct,de(ŋ)guk_re(ŋ)guk,2244 4895
Disjunct,deŋut_reŋeC_ReŋeC,2243 4886 9447
Disjunct,kebuR_dúkut,9895 9961
Disjunct,dúlis_dúlit,12137 12138
Disjunct,dusuk_rusuk,2278 4942
Disjunct,ebus_qubus,2292 4629
Disjunct,e(ŋ)kek_qekqek,2458 4429
Disjunct,ekit_e(ŋ)kik,2313 2459
Disjunct,embej_embet,2329 2330
Disjunct,emis_hemis,2336 2646
Disjunct,entul_untul,2377 5815
Disjunct,eŋap_heŋak,2432 2666
Disjunct,eŋeŋ_qeŋqeŋ,2437 4515
Disjunct,eŋes_eŋus,2436 2452
Disjunct,eput_put,2394 4068
Disjunct,etes_qetes,2423 4490
Disjunct,gariŋ_galiŋ,2475 10480
Disjunct,gatak_getak,2478 9354
Disjunct,kaway_gaway,6470 6472
Disjunct,gemel_kemel_kemes,2489 9356 9973
Disjunct,gidik_giri_kidiq_kirik,2513 2518 3217 3238
Disjunct,girgir_gigil,2517 8263
Disjunct,guru_guruq,2529 9358
Disjunct,guyeŋ_guyuŋ,2536 9360
Disjunct,habuk_qabuk,2541 4107
Disjunct,hacuk_hasek_hasuk,2547 2598 2601
Disjunct,hambeŋ_qambeŋ,2562 4194
Disjunct,hantatadu_qantatadu,2573 4237
Disjunct,hanunaŋ_qaNuNaŋ_quNuNaŋ,2574 4243 4722
Disjunct,hapRus_hap(e)rus,2583 2584
Disjunct,hiliŋ_iliŋ_iliŋ,2681 2861 2862
Disjunct,hilap_irap_hírap,10980 12695 12896
Disjunct,hituq_hitu,2710 2711
Disjunct,hukuq_ukuq,2736 5760
Disjunct,huna_(q)uNah,5409 9110
Disjunct,huñat_uñat,2755 5899
Disjunct,hutek_qutek,2745 12565
Disjunct,huyug_uyeg_uyug_uyuR,2748 5887 5888 5890
Disjunct,huzam_Sezam,2753 5219
Disjunct,iag_iak,2772 2773
Disjunct,icir_iŋsiD,2812 3059
Disjunct,icud_ised_iseR_isud_isuR_isu,2813 2974 2979 2992 2994 3001
Disjunct,ihi_iqi,2825 2947
Disjunct,eŋkaŋ_iŋkaŋ,2443 3052
Disjunct,iRik_qiRik,2956 4576
Disjunct,itaq_ita,3003 3005
Disjunct,iwaq_iwa,3022 3024
Disjunct,izap_izep,3025 3026
Disjunct,kabal_kabaR,9746 9748
Disjunct,kagkag_kaRkaR,9784 9785
Disjunct,kahiR_kahir,3070 9786
Disjunct,kantuk_qantuk,3107 4240
Disjunct,qapuR_kapuR,4267 10045
Disjunct,kapit_kaq(e)pi,3110 3114
Disjunct,kátiq_káti,10168 10170
Disjunct,kebkeb_kepkep,9115 9832
Disjunct,kekes_keŋkeŋ,3159 3205
Disjunct,kelap_kelep,3161 9362
Disjunct,kelap_kerap,9946 9947
Disjunct,kunu_kunuq_kenu,9878 9879 9881
Disjunct,kepel_ke(m)pal,10113 11864
Disjunct,keRa_keRan,9996 9997
Disjunct,keteb_ketep,3194 9363
Disjunct,kezep_kezap,8726 9998
Disjunct,kiab_kiap,3212 3213
Disjunct,kidem_kizem,3216 3247
Disjunct,kiRkiR_kiDkiD,6705 10012
Disjunct,kikau_kipau,10205 10206
Disjunct,kilab_kilap,3220 7271
Disjunct,kilig_kirig,3227 9364
Disjunct,kiud_kiut_kiuq,3244 9378 9379
Disjunct,kizab_kizap,3246 9933
Disjunct,kuliqik_kuriqik,9988 9989
Disjunct,kumiS_kumeS,8002 9845
Disjunct,gumi_gumis_kumis_kumi,7999 8000 8001 8468
Disjunct,kubuŋ_kubut,9382 9384
Disjunct,kumpuŋ_kumput,3277 9383
Disjunct,kunkun_kuŋkuŋ,3278 3316
Disjunct,kuRapu_kuRapuq_kurapu,8519 8520 10171
Disjunct,kuRis_kuris,3289 3291
Disjunct,kulut_kurut,9843 9849
Disjunct,kuzut_kezut,3315 9979
Disjunct,labi_labiq_lebiq,3326 8759 8761
Disjunct,lebuk_la(m)buk,11515 11624
Disjunct,lecut_lacak,3406 11670
Disjunct,la(ŋ)ga_la(ŋ)gaq,3396 11860
Disjunct,recik_lagecik_ragecik,4865 11183 11184
Disjunct,lagepak_ragepak,11185 11186
Disjunct,lali_laliŋ,11405 11406
Disjunct,lamaR_lamas,11499 11500
Disjunct,lambayuŋ_rambayuŋ,3344 4816
Disjunct,lampaq_lampaŋ,3348 3349
Disjunct,lamu_lamut,3353 9387
Disjunct,lapa_lapat,11386 11680
Disjunct,lauŋ_rauŋ,3370 4834
Disjunct,lawas_lawaq_lawa,3372 11331 11530
Disjunct,lawan_lawaq,3374 7101
Disjunct,le(m)baq_le(m)baŋ_le(m)beŋ,3444 3445 3446
Disjunct,lebuR_lebug,3402 11502
Disjunct,lecit_lesit,3405 9388
Disjunct,lekeb_lekep,3455 8728
Disjunct,leken_reken,3408 4868
Disjunct,leku_lekuq,3411 11606
Disjunct,lemi_lumúy_lemuy,3417 11453 11557
Disjunct,leñeb_leñep,3441 11733
Disjunct,la(m)paw_lepaw,3387 11667
Disjunct,lepu_lepuq,3431 9390
Disjunct,lihem_lihim,11537 11538
Disjunct,liNuŋ_lineŋ_linaŋ,3475 9393 9394
Disjunct,lindur_linduR,7475 7476
Disjunct,liqo_liRi,6771 7738
Disjunct,lu(n)cuR_lu(ŋ)suR,3554 9395
Disjunct,lumuk_lumek,3525 11518
Disjunct,lunaw_luñaw,3532 11764
Disjunct,lu(m)pi_lupiq,3553 9413
Disjunct,luqaR_luqar,8166 8167
Disjunct,luyak_luyek,3543 3546
Disjunct,mana_maña,3569 7660
Disjunct,mekmek_mikmik,3582 11859
Disjunct,muhmuh_muqmuq,11620 11969
Disjunct,ñao_ñaRo,6814 11939
Disjunct,ŋodra_ŋodro,12561 12562
Disjunct,ŋek_ŋoRo,6054 12607
Disjunct,oka_oke,3719 3721
Disjunct,paRa_pala,674 3764
Disjunct,pali_baliw,3780 6557
Disjunct,palpal_palpal_parpar,10899 10993 10994
Disjunct,paCak_pantek,3732 3818
Disjunct,paŋa_paŋaq,3894 3895
Disjunct,paŋel_paŋeR,12685 12686
Disjunct,parij_parik,3857 11209
Disjunct,pa(n)tar_pataR,3908 6517
Disjunct,pegpeg_peRpeR,3924 9417
Disjunct,peka_pekaŋ,3928 3953
Disjunct,betak_peta,1021 3944
Disjunct,pian_pia,3954 3955
Disjunct,pihak_piqak,8588 11026
Disjunct,pilaɁ_pilat,3973 8590
Disjunct,piŋus_piŋ(e)qut,4007 9419
Disjunct,pikel_pi(ŋ)keR_piŋkaw,3967 4008 12586
Disjunct,pulaq_pula,4029 4030
Disjunct,punaŋ_puna,4042 11235
Disjunct,pundut_pu(n)zut,4044 4080
Disjunct,puŋgel_puŋgul,4077 4079
Disjunct,puŋuN_puŋu,4081 4082
Disjunct,pupu_pulpul,4050 10920
Disjunct,qa_Sa,4395 5107
Disjunct,qabated_qabateR,4092 4094
Disjunct,qapator_qapatoR,4093 4095
Disjunct,qabud_qambuR,4105 4197
Disjunct,qambiday_qambijay,4195 4196
Disjunct,qapij_Sabij,267 4958
Disjunct,qasepa_sapela,4304 9594
Disjunct,qasual_sual,4331 7681
Disjunct,hataq_qataq,2602 4340
Disjunct,qawan_qawa,4378 4380
Disjunct,ambun_qembun,162 4443
Disjunct,pik_qepik,3971 4471
Disjunct,heReŋ_qeraŋ,2660 4474
Disjunct,qendem_qerem,4455 4475
Disjunct,qesak_Sasak,4478 5064
Disjunct,qentek_qetak,4463 4484
Disjunct,qipit_qapiC,4563 7173
Disjunct,hukaq_qukaq,2730 4650
Disjunct,qulin_quliŋ,4663 4666
Disjunct,qumay_qumi,4699 4703
Disjunct,ranebut_Ranebut,11199 11200
Disjunct,raŋkeb_raŋkep,4846 9436
Disjunct,Remek_remek,4872 4873
Disjunct,repek_re(m)pak,4880 12671
Disjunct,retiq_Retiq,4883 9449
Disjunct,riken_Riken,4907 8246
Disjunct,diŋkit_ri(ŋ)kit,2266 4926
Disjunct,ripak_Ripak,4921 9450
Disjunct,lurus_rusrus,3538 4941
Disjunct,Ruyuŋ_ruyuŋ,4945 4946
Disjunct,qa(m)bej_Ra(m)bej,4408 4849
Disjunct,Raŋa_Raŋak_RaŋaR,4842 8637 8638
Disjunct,aŋkub_Raŋkub,407 4848
Disjunct,Rataq_Ratas,4831 11970
Disjunct,Ratas_Retas,4832 12659
Disjunct,rebaq_RibaS_Rebaq,4861 4902 12803
Disjunct,Re(m)puk_repuk,4890 12824
Disjunct,riak_Riak,12139 12330
Disjunct,Risi_Risiq,4915 9451
Disjunct,Rujan_ujan,4930 5748
Disjunct,Rupas_lupas,8464 8471
Disjunct,SakuC_sakut,4988 9158
Disjunct,salatan_silatan,4999 5268
Disjunct,salem_selem,5000 9284
Disjunct,sandaR_sandeR,9005 9009
Disjunct,sapeled_sapelet,8175 8176
Disjunct,saRu_sagu,5060 9235
Disjunct,saRup_saru,5056 9654
Disjunct,sekut_sekud,5143 9466
Disjunct,sel(e)qut_selut,5151 9428
Disjunct,celuk_seluk,2068 5150
Disjunct,seŋ(e)hij_seŋ(e)hit,5233 9467
Disjunct,si_siki,9402 9403
Disjunct,sig(e)pít_siR(e)pít,8937 9128
Disjunct,silaq_sila_silaq_sila,5267 5269 5270 9468
Disjunct,siRaq_siRa,5316 9438
Disjunct,suba_supaq,5379 5424
Disjunct,sudu_suduk,5381 9341
Disjunct,suleN_suled,5389 9470
Disjunct,sujud_sulud,5382 7588
Disjunct,sulud_suRud,9640 9643
Disjunct,SuqSuq_SuSuq,5429 5448
Disjunct,tabad_taba,10499 10711
Disjunct,tabaR_tambar,10276 10277
Disjunct,tabuD_tabuR,5472 10299
Disjunct,tada_tara,5473 5517
Disjunct,taqul_tahúl,9024 10395
Disjunct,tamaq_tama,5490 5491
Disjunct,tama_tamaq,8961 8963
Disjunct,tamis_tamiq,5498 9471
Disjunct,tampuk_tapun,5503 5532
Disjunct,tamu_temu,10541 10546
Disjunct,tazim_tasim,10487 10624
Disjunct,sayaw_tayaw,5104 10802
Disjunct,tebuR_tubuR,5550 10333
Disjunct,tedis_tedes,5553 10443
Disjunct,terter_teRteR,5586 12746
Disjunct,tida_tidaq,10509 10511
Disjunct,tikep_sikep,5607 9431
Disjunct,timij_timid,5619 5620
Disjunct,tigtig_tiRtiR,5603 5626
Disjunct,tirtir_tiRtiR,5627 10670
Disjunct,titi_titiq,7633 7634
Disjunct,topuR_tupuR,5551 10334
Disjunct,teneR_tunuR,10367 12354
Disjunct,tuqtuq_tutuh,5683 9026
Disjunct,ua_uaq,11831 11832
Disjunct,umpaŋ_umpeŋ,5797 5798
Disjunct,qumuR_umuR,4710 5804
Disjunct,undur_unduD,5812 12227
Disjunct,huy_uy,2750 5893
Disjunct,walwál_walwáR,5955 9472
Disjunct,zaŋan_saŋa,6020 8803
Disjunct,sitsit_zitzit,5327 9237
Disjunct,ziziq_zizir,6036 9437
